"Symbol","Series","Date","Prev Close","Open Price","High Price","Low Price","Last Price","Close Price","Average Price","Total Traded Quantity","Turnover","No. of Trades","Deliverable Qty","% Dly Qt to Traded Qty"
"ITC","EQ","26-Aug-2016","        253.45","        253.35","        254.90","        252.05","        253.35","        253.80","        253.84","    4753304","          1206588997.35","      46889","    2987496","         62.85"
"ITC","EQ","29-Aug-2016","        253.80","        253.00","        253.95","        251.05","        253.90","        252.80","        252.62","    4272618","          1079357524.65","      43990","    2785898","         65.20"
"ITC","EQ","30-Aug-2016","        252.80","        253.70","        257.90","        253.05","        257.40","        257.30","        255.72","    7692800","          1967221346.45","      61665","    5671232","         73.72"
"ITC","EQ","31-Aug-2016","        257.30","        258.30","        261.50","        256.40","        260.85","        260.05","        259.18","   12773632","          3310669475.50","     106848","   10040495","         78.60"
"ITC","EQ","01-Sep-2016","        260.05","        261.00","        263.00","        259.10","        260.55","        261.00","        261.10","    8373128","          2186188155.45","      71686","    5557987","         66.38"
"ITC","EQ","02-Sep-2016","        261.00","        262.00","        263.70","        260.25","        262.80","        262.90","        262.56","    9154358","          2403600134.80","      64387","    6550766","         71.56"
"ITC","EQ","06-Sep-2016","        262.90","        263.00","        265.90","        261.10","        262.55","        262.60","        263.58","    9166823","          2416197992.30","      73067","    6356374","         69.34"
"ITC","EQ","07-Sep-2016","        262.60","        264.00","        264.95","        262.00","        262.60","        262.80","        263.43","    6409700","          1688499133.40","      57220","    4706154","         73.42"
"ITC","EQ","08-Sep-2016","        262.80","        263.50","        265.55","        262.70","        264.90","        264.90","        264.61","    8324999","          2202903482.60","      87517","    6400268","         76.88"
"ITC","EQ","09-Sep-2016","        264.90","        263.00","        264.45","        257.05","        258.95","        258.30","        259.40","    9755948","          2530741286.25","      56799","    6987402","         71.62"
"ITC","EQ","12-Sep-2016","        258.30","        255.95","        256.70","        251.75","        251.85","        252.25","        253.47","    7344276","          1861519341.45","      61137","    5377232","         73.22"
"ITC","EQ","14-Sep-2016","        252.25","        251.00","        253.10","        249.55","        252.80","        251.85","        250.61","   12537688","          3142094943.50","     110092","   10402067","         82.97"
"ITC","EQ","15-Sep-2016","        251.85","        252.50","        257.90","        252.50","        255.85","        255.90","        256.12","    7778214","          1992166506.10","      62323","    5256673","         67.58"
"ITC","EQ","16-Sep-2016","        255.90","        256.00","        262.20","        255.40","        262.20","        260.35","        259.58","   14038158","          3644071130.40","      62451","   10911745","         77.73"
"ITC","EQ","19-Sep-2016","        260.35","        261.50","        262.60","        258.25","        259.55","        258.85","        260.01","    6474978","          1683528706.45","      53624","    4742641","         73.25"
"ITC","EQ","20-Sep-2016","        258.85","        259.20","        259.25","        255.25","        255.90","        256.95","        256.54","    6686674","          1715397166.90","      43074","    4999466","         74.77"
"ITC","EQ","21-Sep-2016","        256.95","        256.70","        258.80","        253.00","        254.00","        253.65","        255.63","    8800312","          2249613355.50","      57198","    6895824","         78.36"
"ITC","EQ","22-Sep-2016","        253.65","        255.45","        257.20","        253.75","        255.10","        255.25","        255.18","    7692200","          1962865542.70","      54312","    6131875","         79.72"
"ITC","EQ","23-Sep-2016","        255.25","        255.00","        257.00","        251.80","        253.10","        253.45","        253.83","    4952284","          1257062070.25","      60082","    2881194","         58.18"
"ITC","EQ","26-Sep-2016","        253.45","        253.00","        253.25","        247.50","        248.00","        248.05","        249.27","    9687011","          2414638653.75","      96923","    7765972","         80.17"
"ITC","EQ","27-Sep-2016","        248.05","        248.65","        249.25","        245.00","        247.00","        245.85","        246.83","    6644898","          1640138747.40","      56582","    4732233","         71.22"
"ITC","EQ","28-Sep-2016","        245.85","        246.30","        249.40","        245.50","        247.00","        246.95","        247.28","    7362899","          1820694155.25","      57407","    5142782","         69.85"
"ITC","EQ","29-Sep-2016","        246.95","        248.10","        249.30","        241.00","        246.25","        245.70","        244.53","   17433461","          4262967315.70","     112476","   11325104","         64.96"
"ITC","EQ","30-Sep-2016","        245.70","        245.65","        246.95","        240.50","        242.30","        241.35","        242.89","    9545123","          2318394691.60","      99395","    6808743","         71.33"
"ITC","EQ","03-Oct-2016","        241.35","        244.20","        244.20","        241.55","        241.95","        242.30","        242.76","    6465942","          1569673977.00","      94562","    4602086","         71.17"
"ITC","EQ","04-Oct-2016","        242.30","        243.00","        243.95","        240.35","        240.95","        241.20","        242.48","    7705953","          1868562599.70","      51722","    5885470","         76.38"
"ITC","EQ","05-Oct-2016","        241.20","        241.80","        243.25","        239.20","        240.60","        240.20","        241.06","    6230512","          1501929165.70","      51816","    3983915","         63.94"
"ITC","EQ","06-Oct-2016","        240.20","        242.00","        242.00","        235.65","        237.90","        237.40","        238.62","    8652862","          2064754718.95","      52149","    6145692","         71.02"
"ITC","EQ","07-Oct-2016","        237.40","        237.90","        240.25","        236.75","        238.75","        238.95","        238.79","    4010140","           957563542.10","      38770","    1981860","         49.42"
"ITC","EQ","10-Oct-2016","        238.95","        242.00","        242.60","        239.55","        240.95","        240.10","        240.76","    5046890","          1215068037.35","      27798","    3555972","         70.46"
"ITC","EQ","13-Oct-2016","        240.10","        240.10","        241.45","        236.95","        237.80","        238.95","        239.25","   10678038","          2554677247.60","      83651","    8398091","         78.65"
"ITC","EQ","14-Oct-2016","        238.95","        239.00","        240.50","        238.05","        240.30","        239.90","        239.72","    9223856","          2211116935.65","      77266","    6810089","         73.83"
"ITC","EQ","17-Oct-2016","        239.90","        239.90","        241.75","        238.50","        240.55","        240.60","        240.09","    6143393","          1474973052.40","      50882","    4502909","         73.30"
"ITC","EQ","18-Oct-2016","        240.60","        241.00","        246.55","        240.30","        245.20","        245.95","        243.87","   11780776","          2873021899.25","      53011","    8655554","         73.47"
"ITC","EQ","19-Oct-2016","        245.95","        245.65","        245.65","        238.40","        240.00","        239.45","        241.17","    8410637","          2028416865.80","      61015","    5509339","         65.50"
"ITC","EQ","20-Oct-2016","        239.45","        241.00","        241.35","        238.10","        239.10","        239.35","        239.23","    4402661","          1053254316.75","      56222","    2741190","         62.26"
"ITC","EQ","21-Oct-2016","        239.35","        239.00","        241.15","        238.75","        240.00","        240.15","        240.10","   10592011","          2543157737.95","      51879","    9414233","         88.88"
"ITC","EQ","24-Oct-2016","        240.15","        241.00","        242.00","        239.70","        241.55","        241.35","        240.53","    9575846","          2303284709.20","      32489","    7780531","         81.25"
"ITC","EQ","25-Oct-2016","        241.35","        242.90","        242.90","        238.15","        238.90","        238.75","        240.20","    5948249","          1428789510.55","      40695","    4436728","         74.59"
"ITC","EQ","26-Oct-2016","        238.75","        239.85","        242.50","        233.50","        238.90","        238.75","        238.02","   23931286","          5696019048.60","     181912","    9959612","         41.62"
"ITC","EQ","27-Oct-2016","        238.75","        241.20","        244.80","        239.65","        242.90","        243.10","        243.27","   15352545","          3734860837.70","     178690","   10684255","         69.59"
"ITC","EQ","28-Oct-2016","        243.10","        244.30","        244.30","        239.50","        242.90","        243.10","        242.12","    9315645","          2255541011.20","      59978","    6812255","         73.13"
"ITC","EQ","30-Oct-2016","        243.10","        244.00","        244.00","        241.00","        241.45","        241.65","        242.20","     629939","           152571908.25","       6702","     371580","         58.99"
"ITC","EQ","01-Nov-2016","        241.65","        242.80","        242.80","        239.15","        239.35","        239.95","        241.39","    5517915","          1331954750.40","      47207","    3953365","         71.65"
"ITC","EQ","02-Nov-2016","        239.95","        237.00","        238.95","        235.10","        237.20","        237.30","        237.49","    4687370","          1113223626.45","      45327","    2739789","         58.45"
"ITC","EQ","03-Nov-2016","        237.30","        237.05","        242.30","        236.00","        241.25","        240.30","        239.42","    8868972","          2123381144.90","      62124","    4159519","         46.90"
"ITC","EQ","04-Nov-2016","        240.30","        251.50","        256.40","        247.05","        247.85","        249.05","        251.29","   35263032","          8861358235.05","     172790","   19477710","         55.24"
"ITC","EQ","07-Nov-2016","        249.05","        253.80","        259.65","        247.00","        257.40","        256.50","        256.12","   24268097","          6215590127.10","     147543","   18653376","         76.86"
"ITC","EQ","08-Nov-2016","        256.50","        256.50","        257.40","        252.20","        255.80","        255.60","        254.37","    9935323","          2527285251.50","      72186","    7039780","         70.86"
"ITC","EQ","09-Nov-2016","        255.60","        239.15","        255.00","        238.55","        249.65","        248.15","        247.61","   23027306","          5701692731.65","     103178","   14265759","         61.95"
"ITC","EQ","10-Nov-2016","        248.15","        252.85","        253.00","        245.55","        251.00","        251.05","        250.14","   11567186","          2893428998.85","      69603","    7539284","         65.18"
"ITC","EQ","11-Nov-2016","        251.05","        248.00","        248.95","        241.00","        242.20","        242.95","        245.30","   12741988","          3125596335.95","      70315","    8520681","         66.87"
"ITC","EQ","15-Nov-2016","        242.95","        241.95","        246.90","        235.80","        235.80","        237.50","        241.46","   21196400","          5118138107.75","     167596","   15698235","         74.06"
"ITC","EQ","16-Nov-2016","        237.50","        237.95","        239.10","        228.05","        229.00","        230.90","        233.67","   30665889","          7165786445.00","     178132","   22226027","         72.48"
"ITC","EQ","17-Nov-2016","        230.90","        228.45","        234.00","        228.40","        230.60","        231.50","        231.33","    9283059","          2147455128.20","      93027","    5436805","         58.57"
"ITC","EQ","18-Nov-2016","        231.50","        230.00","        231.40","        227.10","        227.95","        227.85","        229.07","    8257422","          1891553668.15","      78429","    6083322","         73.67"
"ITC","EQ","21-Nov-2016","        227.85","        228.20","        228.60","        223.60","        225.00","        224.20","        225.08","    7585897","          1707450496.30","      75153","    5256570","         69.29"
"ITC","EQ","22-Nov-2016","        224.20","        225.00","        228.10","        223.50","        227.00","        226.10","        225.78","    9215388","          2080606089.75","      79082","    6587789","         71.49"
"ITC","EQ","23-Nov-2016","        226.10","        227.25","        227.80","        223.50","        225.10","        224.65","        224.99","   10322937","          2322576775.60","      78926","    8078930","         78.26"
"ITC","EQ","24-Nov-2016","        224.65","        225.00","        225.25","        222.10","        224.00","        223.50","        223.39","   18004034","          4021857122.10","     104173","   13502779","         75.00"
"ITC","EQ","25-Nov-2016","        223.50","        224.50","        230.45","        223.05","        228.00","        228.80","        227.53","    7597501","          1728688748.50","      51227","    5051833","         66.49"
"ITC","EQ","28-Nov-2016","        228.80","        228.40","        234.20","        227.30","        233.60","        233.70","        231.91","    9120749","          2115174339.00","      85769","    6757519","         74.09"
"ITC","EQ","29-Nov-2016","        233.70","        233.05","        235.65","        230.25","        231.30","        231.05","        232.85","    8613611","          2005645670.20","      50131","    6548233","         76.02"
"ITC","EQ","30-Nov-2016","        231.05","        232.00","        234.40","        229.15","        231.15","        232.50","        231.82","   11081186","          2568889756.25","      73473","    8300164","         74.90"
"ITC","EQ","01-Dec-2016","        232.50","        232.80","        235.00","        231.05","        233.45","        233.50","        233.43","    5160029","          1204484621.25","      71121","    3289020","         63.74"
"ITC","EQ","02-Dec-2016","        233.50","        233.00","        233.00","        228.00","        228.35","        228.50","        229.28","    8371200","          1919377569.45","      90720","    6094331","         72.80"
"ITC","EQ","05-Dec-2016","        228.50","        228.90","        233.20","        227.45","        232.70","        232.55","        230.53","    5123051","          1181022929.75","      52122","    3300347","         64.42"
"ITC","EQ","06-Dec-2016","        232.55","        233.00","        233.00","        229.15","        230.10","        230.20","        230.12","    4911337","          1130220992.25","      56855","    3266498","         66.51"
"ITC","EQ","07-Dec-2016","        230.20","        231.50","        231.50","        226.50","        227.90","        227.20","        229.10","    8107530","          1857396231.35","      65527","    6199774","         76.47"
"ITC","EQ","08-Dec-2016","        227.20","        229.05","        235.30","        228.30","        233.90","        233.30","        232.74","    7365288","          1714197930.65","     107705","    5252781","         71.32"
"ITC","EQ","09-Dec-2016","        233.30","        234.05","        239.60","        232.55","        235.90","        236.15","        237.36","    8328221","          1976807970.05","     105538","    5912482","         70.99"
"ITC","EQ","12-Dec-2016","        236.15","        234.20","        234.70","        231.95","        232.55","        232.30","        233.25","    3038619","           708749335.65","      42099","    2058351","         67.74"
"ITC","EQ","13-Dec-2016","        232.30","        234.80","        236.90","        232.20","        234.60","        235.65","        234.90","    7440621","          1747775331.55","      60581","    5567381","         74.82"
"ITC","EQ","14-Dec-2016","        235.65","        236.00","        236.50","        232.00","        232.35","        233.15","        233.75","    6313305","          1475717777.85","      86906","    4731897","         74.95"
"ITC","EQ","15-Dec-2016","        233.15","        232.00","        234.40","        228.50","        229.35","        229.70","        230.80","    5332924","          1230832233.70","      63182","    3365867","         63.11"
"ITC","EQ","16-Dec-2016","        229.70","        230.80","        230.80","        226.00","        226.50","        226.35","        226.83","   12925203","          2931874829.75","      73060","   10288729","         79.60"
"ITC","EQ","19-Dec-2016","        226.35","        225.35","        229.00","        225.35","        227.10","        227.00","        227.35","    5455325","          1240289004.05","      53348","    4209698","         77.17"
"ITC","EQ","20-Dec-2016","        227.00","        228.50","        230.80","        227.50","        229.95","        229.95","        229.84","    5917510","          1360064590.80","      66538","    4306162","         72.77"
"ITC","EQ","21-Dec-2016","        229.95","        229.00","        229.80","        225.50","        226.20","        226.30","        226.57","   12883058","          2918928807.85","      63563","    9721174","         75.46"
"ITC","EQ","22-Dec-2016","        226.30","        225.25","        228.40","        224.25","        227.70","        227.55","        226.88","    6420828","          1456730051.05","      79127","    4765930","         74.23"
"ITC","EQ","23-Dec-2016","        227.55","        227.50","        227.50","        223.80","        224.90","        224.70","        225.08","   10763084","          2422555778.50","     106903","    8691484","         80.75"
"ITC","EQ","26-Dec-2016","        224.70","        224.90","        225.85","        222.00","        225.40","        225.00","        224.41","    8735299","          1960280819.20","     106763","    6904661","         79.04"
"ITC","EQ","27-Dec-2016","        225.00","        226.00","        234.90","        224.35","        234.50","        234.05","        230.24","   15605810","          3593046638.00","     115317","   10937386","         70.09"
"ITC","EQ","28-Dec-2016","        234.05","        232.70","        236.40","        232.70","        236.00","        235.45","        235.04","   14166131","          3329643222.80","     126115","   10241133","         72.29"
"ITC","EQ","29-Dec-2016","        235.45","        235.30","        237.00","        232.30","        236.50","        236.00","        234.37","   14052730","          3293604474.55","      95155","   10416245","         74.12"
"ITC","EQ","30-Dec-2016","        236.00","        237.45","        242.40","        236.30","        240.80","        241.65","        241.16","   10420088","          2512874221.20","      69335","    7883992","         75.66"
"ITC","EQ","02-Jan-2017","        241.65","        242.00","        242.25","        238.60","        239.95","        240.95","        240.49","    4887504","          1175415482.65","      43776","    3144444","         64.34"
"ITC","EQ","03-Jan-2017","        240.95","        240.90","        245.70","        239.25","        242.85","        243.35","        243.84","    7508925","          1830954935.00","      74562","    5021123","         66.87"
"ITC","EQ","04-Jan-2017","        243.35","        242.85","        247.00","        240.10","        246.50","        245.45","        243.53","    9310104","          2267311648.60","     125175","    7349301","         78.94"
"ITC","EQ","05-Jan-2017","        245.45","        244.50","        247.85","        244.10","        246.50","        246.75","        246.13","    9178665","          2259171130.85","      92634","    6207277","         67.63"
"ITC","EQ","06-Jan-2017","        246.75","        247.00","        249.00","        242.20","        242.50","        242.70","        244.39","    8093288","          1977887557.70","      87354","    5866716","         72.49"
"ITC","EQ","09-Jan-2017","        242.70","        242.85","        246.60","        242.10","        245.30","        245.85","        245.09","    4854672","          1189849569.75","      59911","    3557960","         73.29"
"ITC","EQ","10-Jan-2017","        245.85","        246.00","        249.85","        245.70","        248.05","        248.95","        248.05","   11977335","          2971006003.75","      88441","    9809170","         81.90"
"ITC","EQ","11-Jan-2017","        248.95","        249.80","        250.50","        246.60","        247.00","        247.55","        248.98","    7637281","          1901520378.50","      66209","    5931998","         77.67"
"ITC","EQ","12-Jan-2017","        247.55","        247.70","        247.70","        244.15","        244.75","        244.65","        245.20","    5601066","          1373368637.65","      45791","    4294002","         76.66"
"ITC","EQ","13-Jan-2017","        244.65","        246.00","        251.00","        242.50","        250.10","        249.65","        247.61","    4384819","          1085741425.40","      50376","    2690082","         61.35"
"ITC","EQ","16-Jan-2017","        249.65","        249.25","        250.85","        247.10","        249.50","        248.80","        248.34","    4635410","          1151148009.80","      57246","    3095748","         66.78"
"ITC","EQ","17-Jan-2017","        248.80","        248.80","        252.30","        248.80","        251.35","        251.95","        251.03","    4811618","          1207847044.85","      37044","    3195832","         66.42"
"ITC","EQ","18-Jan-2017","        251.95","        251.60","        254.30","        249.80","        251.20","        250.85","        252.02","    7254738","          1828341418.10","      64995","    5561067","         76.65"
"ITC","EQ","19-Jan-2017","        250.85","        249.75","        254.75","        249.55","        254.40","        254.15","        253.33","    9184429","          2326729397.60","      62342","    7048260","         76.74"
"ITC","EQ","20-Jan-2017","        254.15","        254.25","        256.30","        253.70","        255.20","        255.40","        255.23","   10843902","          2767729040.95","      64470","    8280798","         76.36"
"ITC","EQ","23-Jan-2017","        255.40","        255.10","        260.15","        255.05","        259.65","        259.65","        258.79","   10690194","          2766509304.85","      80734","    8369512","         78.29"
"ITC","EQ","24-Jan-2017","        259.65","        259.60","        260.75","        257.35","        260.20","        259.85","        259.40","    8031785","          2083480500.75","      69173","    6386751","         79.52"
"ITC","EQ","25-Jan-2017","        259.85","        259.95","        266.40","        259.60","        265.55","        265.50","        263.60","   17451497","          4600278186.40","      88253","   14738499","         84.45"
"ITC","EQ","27-Jan-2017","        265.50","        263.50","        266.95","        256.10","        257.50","        257.40","        261.89","   24497031","          6415422937.80","     157490","   13431789","         54.83"
"ITC","EQ","30-Jan-2017","        257.40","        258.40","        261.00","        255.50","        256.10","        256.10","        257.56","    8910592","          2294998074.45","      72524","    6499175","         72.94"
"ITC","EQ","31-Jan-2017","        256.10","        256.20","        259.95","        254.60","        258.20","        258.10","        258.04","    9995686","          2579278580.40","      66752","    7277657","         72.81"
"ITC","EQ","01-Feb-2017","        258.10","        260.00","        270.10","        258.50","        269.50","        269.70","        265.43","   33840797","          8982354541.90","     161356","   20677149","         61.10"
"ITC","EQ","02-Feb-2017","        269.70","        271.00","        279.90","        269.50","        273.60","        274.30","        274.97","   29722686","          8172841930.60","     156253","   19229020","         64.69"
"ITC","EQ","03-Feb-2017","        274.30","        274.00","        275.50","        270.50","        273.60","        273.05","        272.84","    9009906","          2458247193.20","      62367","    6425154","         71.31"
"ITC","EQ","06-Feb-2017","        273.05","        274.90","        279.00","        274.10","        276.75","        276.80","        276.86","    8221552","          2276216384.00","      86005","    5537095","         67.35"
"ITC","BL","07-Feb-2017","        343.80","        275.85","        275.85","        275.85","        275.85","        275.85","        275.85","  242522289","         66899773420.65","          3","  242522289","        100.00"
"ITC","EQ","07-Feb-2017","        276.80","        278.60","        292.15","        275.60","        276.95","        277.10","        281.87","   24315156","          6853618514.60","     142771","    9648411","         39.68"
"ITC","EQ","08-Feb-2017","        277.10","        275.50","        279.00","        272.00","        274.30","        274.80","        274.36","   10702679","          2936408027.05","      78858","    6035019","         56.39"
"ITC","EQ","09-Feb-2017","        274.80","        276.00","        278.40","        272.65","        278.00","        277.65","        275.35","    4882374","          1344360889.00","      61339","    2831732","         58.00"
"ITC","EQ","10-Feb-2017","        277.65","        278.70","        279.10","        271.55","        274.00","        273.35","        273.82","    7680000","          2102918997.10","      55892","    5672381","         73.86"
"ITC","EQ","13-Feb-2017","        273.35","        275.40","        276.35","        268.60","        270.05","        270.60","        271.12","    8967548","          2431287952.20","      73073","    6214914","         69.30"
"ITC","EQ","14-Feb-2017","        270.60","        270.00","        273.50","        269.15","        271.55","        270.80","        270.50","    6655626","          1800316506.70","      42764","    4959866","         74.52"
"ITC","EQ","15-Feb-2017","        270.80","        271.20","        275.50","        271.20","        274.10","        273.40","        273.07","    7537315","          2058187153.05","     102853","    5719025","         75.88"
"ITC","EQ","16-Feb-2017","        273.40","        270.05","        271.50","        265.70","        266.30","        266.65","        268.76","   10575410","          2842198744.20","      94805","    7959569","         75.26"
"ITC","EQ","17-Feb-2017","        266.65","        267.35","        268.90","        264.00","        267.80","        268.15","        267.07","    9341064","          2494743279.45","      97979","    6104534","         65.35"
"ITC","EQ","20-Feb-2017","        268.15","        266.00","        267.45","        265.55","        266.15","        266.05","        266.25","    5714329","          1521442087.30","      29287","    4490661","         78.59"
"ITC","EQ","21-Feb-2017","        266.05","        266.00","        266.25","        260.80","        262.90","        263.15","        262.56","    9871075","          2591766461.85","     105074","    7411382","         75.08"
"ITC","EQ","22-Feb-2017","        263.15","        264.40","        266.25","        261.65","        264.00","        263.45","        263.78","    8488101","          2239025986.70","      62914","    5176192","         60.98"
"ITC","EQ","23-Feb-2017","        263.45","        264.00","        268.20","        261.60","        266.55","        265.65","        265.03","   12361234","          3276081194.85","      63838","    8654703","         70.01"
"ITC","EQ","27-Feb-2017","        265.65","        265.55","        266.00","        257.85","        265.00","        264.60","        263.50","    5075088","          1337306775.75","      50354","    2822345","         55.61"
"ITC","EQ","28-Feb-2017","        264.60","        263.00","        264.60","        260.90","        261.40","        262.20","        262.85","    8240790","          2166086550.50","      95489","    6518388","         79.10"
"ITC","EQ","01-Mar-2017","        262.20","        262.40","        269.70","        262.40","        268.10","        268.50","        265.95","   14578413","          3877082531.25","      97475","   11073312","         75.96"
"ITC","EQ","02-Mar-2017","        268.50","        268.50","        270.25","        263.50","        264.90","        264.75","        266.48","   10066049","          2682360735.70","     120157","    7157213","         71.10"
"ITC","EQ","03-Mar-2017","        264.75","        262.00","        263.40","        258.15","        262.50","        261.55","        260.56","    9987225","          2602263229.95","     118779","    7048272","         70.57"
"ITC","EQ","06-Mar-2017","        261.55","        262.70","        265.05","        261.55","        264.35","        264.10","        263.42","    9559221","          2518136390.75","      77586","    7452162","         77.96"
"ITC","EQ","07-Mar-2017","        264.10","        264.30","        265.00","        261.15","        264.35","        264.25","        263.54","    6917130","          1822964325.05","      59829","    4576229","         66.16"
"ITC","EQ","08-Mar-2017","        264.25","        264.45","        265.50","        263.50","        264.00","        264.15","        264.50","    5771334","          1526506672.55","      54615","    4239397","         73.46"
"ITC","EQ","09-Mar-2017","        264.15","        266.10","        266.30","        262.30","        265.00","        264.95","        264.45","    9481938","          2507496261.45","      65806","    6924260","         73.03"
"ITC","EQ","10-Mar-2017","        264.95","        264.95","        265.05","        262.65","        263.90","        263.45","        264.09","    5662302","          1495348162.40","      51495","    3756092","         66.34"
"ITC","EQ","14-Mar-2017","        263.45","        266.20","        271.65","        265.20","        266.35","        267.10","        268.52","   17821655","          4785418652.35","     165068","   13344494","         74.88"
"ITC","EQ","15-Mar-2017","        267.10","        265.20","        270.70","        265.20","        269.20","        268.20","        268.93","   13938663","          3748554651.80","     133690","   11145621","         79.96"
"ITC","EQ","16-Mar-2017","        268.20","        270.25","        271.25","        267.50","        268.85","        268.45","        268.64","    8685534","          2333257505.85","     118339","    6180856","         71.16"
"ITC","EQ","17-Mar-2017","        268.45","        276.80","        288.90","        276.80","        280.25","        281.25","        284.43","   52012274","         14794052690.70","     291766","   29002158","         55.76"
"ITC","EQ","20-Mar-2017","        281.25","        282.90","        284.20","        277.80","        284.00","        281.90","        280.05","   15897260","          4452068954.55","     115321","   12200771","         76.75"
"ITC","EQ","21-Mar-2017","        281.90","        283.20","        288.60","        283.00","        287.55","        287.90","        285.95","   13225065","          3781655997.40","     101326","    7578225","         57.30"
"ITC","EQ","22-Mar-2017","        287.90","        285.00","        287.85","        278.60","        279.40","        279.85","        283.56","   12397015","          3515333325.55","      77689","    9066333","         73.13"
"ITC","EQ","23-Mar-2017","        279.85","        277.50","        282.50","        275.10","        277.85","        277.60","        277.70","   16897153","          4692265991.75","      87103","   13355224","         79.04"
"ITC","EQ","24-Mar-2017","        277.60","        278.85","        283.00","        278.75","        280.60","        281.00","        281.33","    7123953","          2004150948.85","      70432","    4431701","         62.21"
"ITC","EQ","27-Mar-2017","        281.00","        280.45","        282.90","        276.30","        282.70","        281.60","        280.08","   12154973","          3404361276.30","      62906","    9351305","         76.93"
"ITC","EQ","28-Mar-2017","        281.60","        281.60","        282.20","        280.05","        280.50","        280.50","        280.92","    6289874","          1766940661.70","      50318","    4636399","         73.71"
"ITC","EQ","29-Mar-2017","        280.50","        280.20","        283.70","        280.20","        283.00","        283.20","        281.92","    8500724","          2396549556.60","      59526","    6579059","         77.39"
"ITC","EQ","30-Mar-2017","        283.20","        284.00","        284.65","        280.05","        281.50","        282.75","        282.65","   14394053","          4068484212.30","     102177","   10857069","         75.43"
"ITC","EQ","31-Mar-2017","        282.75","        281.00","        283.00","        278.75","        280.75","        280.30","        280.07","    9561098","          2677822245.80","      97864","    6909806","         72.27"
"ITC","EQ","03-Apr-2017","        280.30","        282.80","        283.60","        278.65","        282.40","        281.55","        281.00","    7228785","          2031276121.80","      49331","    4858726","         67.21"
"ITC","EQ","05-Apr-2017","        281.55","        283.20","        283.50","        277.70","        278.20","        278.95","        279.11","   10288783","          2871657782.50","     105889","    7720313","         75.04"
"ITC","EQ","06-Apr-2017","        278.95","        278.20","        279.15","        273.20","        274.00","        274.10","        274.82","   15641571","          4298674284.05","     101169","   12668402","         80.99"
"ITC","EQ","07-Apr-2017","        274.10","        273.00","        274.15","        270.90","        272.85","        272.65","        272.85","    9128592","          2490711961.05","     105482","    6909844","         75.69"
"ITC","EQ","10-Apr-2017","        272.65","        275.00","        275.00","        272.10","        273.00","        273.55","        273.35","    5476450","          1496977008.75","      66737","    4089387","         74.67"
"ITC","EQ","11-Apr-2017","        273.55","        273.10","        282.60","        271.80","        281.85","        282.05","        279.41","   10934606","          3055206759.15","     100682","    7562177","         69.16"
"ITC","EQ","12-Apr-2017","        282.05","        281.70","        284.80","        279.55","        281.60","        281.90","        281.97","    7229006","          2038341617.70","      87733","    4761852","         65.87"
"ITC","EQ","13-Apr-2017","        281.90","        281.90","        282.00","        277.50","        278.15","        279.15","        279.88","    3934247","          1101122069.50","      42179","    2601714","         66.13"
"ITC","EQ","17-Apr-2017","        279.15","        276.55","        282.50","        275.55","        279.25","        279.10","        279.65","    4831017","          1350987932.70","      52542","    2606078","         53.94"
"ITC","EQ","18-Apr-2017","        279.10","        280.20","        284.00","        278.10","        279.70","        279.05","        280.86","    4330981","          1216388968.35","      54617","    2388651","         55.15"
"ITC","EQ","19-Apr-2017","        279.05","        281.15","        281.50","        277.85","        279.70","        278.70","        279.03","    4952956","          1382038352.05","      99085","    3412896","         68.91"
"ITC","EQ","20-Apr-2017","        278.70","        279.70","        281.50","        278.35","        280.45","        279.50","        279.30","    4237611","          1183575205.60","      50138","    2792835","         65.91"
"ITC","EQ","21-Apr-2017","        279.50","        282.00","        282.00","        272.70","        275.15","        274.35","        275.77","    8706432","          2401007955.25","      73893","    6220258","         71.44"
"ITC","EQ","24-Apr-2017","        274.35","        276.40","        277.55","        271.15","        276.80","        276.75","        273.82","    7118774","          1949288881.65","      66327","    4354952","         61.18"
"ITC","EQ","25-Apr-2017","        276.75","        278.00","        282.00","        273.90","        281.60","        281.30","        278.89","   12721177","          3547867166.40","      78124","    9470162","         74.44"
"ITC","EQ","26-Apr-2017","        281.30","        283.30","        292.90","        282.00","        291.10","        290.90","        288.38","   18942043","          5462564840.50","     107826","   12105996","         63.91"
"ITC","EQ","27-Apr-2017","        290.90","        291.40","        291.90","        284.50","        285.35","        285.80","        287.33","   13553616","          3894414188.40","      96886","    8616524","         63.57"
"ITC","EQ","28-Apr-2017","        285.80","        285.80","        286.50","        277.35","        277.80","        278.00","        279.03","   12374841","          3452997795.75","     120143","    8789316","         71.03"
"ITC","EQ","02-May-2017","        278.00","        280.50","        281.30","        276.50","        278.85","        279.20","        278.78","    7028028","          1959292032.60","      92261","    5131365","         73.01"
"ITC","EQ","03-May-2017","        279.20","        279.50","        279.50","        275.50","        276.80","        277.25","        277.09","    6039290","          1673456767.60","      89547","    4154761","         68.80"
"ITC","EQ","04-May-2017","        277.25","        277.90","        282.20","        276.15","        280.80","        281.20","        278.90","    7771540","          2167455016.20","      79778","    5467805","         70.36"
"ITC","EQ","05-May-2017","        281.20","        280.95","        280.95","        276.40","        277.55","        277.15","        277.74","    4036786","          1121195156.90","      58306","    2301964","         57.02"
"ITC","EQ","08-May-2017","        277.15","        277.55","        278.50","        272.55","        273.30","        272.95","        274.44","   10629552","          2917139280.15","      82231","    7627211","         71.75"
"ITC","EQ","09-May-2017","        272.95","        273.50","        276.65","        271.00","        271.55","        271.50","        272.78","    6748832","          1840956990.20","      50830","    4317413","         63.97"
"ITC","EQ","10-May-2017","        271.50","        272.20","        275.70","        272.00","        274.50","        273.95","        274.30","    4578228","          1255790976.25","      43184","    2778370","         60.69"
"ITC","EQ","11-May-2017","        273.95","        275.50","        279.15","        274.00","        276.10","        276.65","        277.25","    9415397","          2610383901.15","      65854","    6256460","         66.45"
"ITC","EQ","12-May-2017","        276.65","        277.30","        277.30","        274.05","        275.90","        274.95","        275.04","    4499390","          1237507808.55","      52065","    2944022","         65.43"
"ITC","EQ","15-May-2017","        274.95","        275.90","        278.90","        275.50","        278.50","        277.95","        277.78","    5462855","          1517476657.80","      52501","    4128324","         75.57"
"ITC","EQ","16-May-2017","        277.95","        278.50","        284.30","        278.00","        283.00","        283.45","        280.93","   11204308","          3147583219.65","      98347","    8307567","         74.15"
"ITC","EQ","17-May-2017","        283.45","        284.10","        284.40","        279.25","        281.50","        281.65","        281.56","    8297700","          2336261277.95","      99107","    5924804","         71.40"
"ITC","EQ","18-May-2017","        281.65","        278.00","        281.05","        277.05","        277.65","        277.90","        278.49","    7924261","          2206821555.70","      47830","    5434449","         68.58"
"ITC","EQ","19-May-2017","        277.90","        282.25","        295.65","        281.95","        286.40","        286.20","        290.08","   35724128","         10362681116.95","     248579","   19137631","         53.57"
"ITC","EQ","22-May-2017","        286.20","        292.45","        304.80","        291.30","        303.00","        303.60","        299.75","   35939315","         10772810200.15","     250048","   17079600","         47.52"
"ITC","EQ","23-May-2017","        303.60","        301.90","        303.90","        298.25","        300.00","        300.15","        300.39","   19784738","          5943114459.75","     127039","   12142585","         61.37"
"ITC","EQ","24-May-2017","        300.15","        300.00","        301.95","        297.90","        300.10","        299.90","        299.95","    9457848","          2836836734.05","      87850","    6078221","         64.27"
"ITC","EQ","25-May-2017","        299.90","        300.00","        304.70","        295.35","        301.00","        300.05","        300.00","   22769975","          6830907928.00","     110127","   16464978","         72.31"
"ITC","EQ","26-May-2017","        300.05","        302.00","        313.80","        299.55","        306.10","        309.10","        305.48","   21742467","          6641979713.70","     155758","    8123024","         37.36"
"ITC","EQ","29-May-2017","        309.10","        304.00","        319.85","        303.50","        315.35","        315.85","        315.57","   19665146","          6205697176.35","     167423","    9323137","         47.41"
"ITC","EQ","30-May-2017","        315.85","        312.90","        315.20","        310.05","        311.50","        311.45","        311.96","    8547146","          2666364621.40","      72697","    5731236","         67.05"
"ITC","EQ","31-May-2017","        311.45","        311.45","        313.40","        307.00","        312.85","        311.80","        310.49","   12308066","          3821533004.05","     124108","    8403582","         68.28"
"ITC","EQ","01-Jun-2017","        311.80","        312.00","        316.75","        310.80","        315.00","        314.20","        315.10","    8253042","          2600519266.90","      91321","    4704937","         57.01"
"ITC","EQ","02-Jun-2017","        314.20","        316.10","        319.90","        315.20","        319.30","        319.20","        317.86","   11073749","          3519851647.60","      65848","    7008906","         63.29"
"ITC","EQ","05-Jun-2017","        319.20","        315.00","        318.25","        313.30","        317.50","        317.45","        316.83","    9482413","          3004339371.75","      69774","    6130621","         64.65"
"ITC","EQ","06-Jun-2017","        317.45","        317.50","        319.00","        309.30","        311.30","        311.05","        311.28","    9841205","          3063364368.45","      87515","    6116482","         62.15"
"ITC","EQ","07-Jun-2017","        311.05","        311.30","        314.75","        310.35","        311.70","        312.25","        313.15","   11534375","          3611978435.70","      91062","    8921486","         77.35"
"ITC","EQ","08-Jun-2017","        312.25","        313.00","        313.25","        309.40","        311.20","        311.60","        310.82","    7781415","          2418657430.65","     111593","    5953664","         76.51"
"ITC","EQ","09-Jun-2017","        311.60","        310.75","        312.60","        304.70","        305.70","        306.00","        307.40","   10065468","          3094129457.25","     103882","    5925048","         58.87"
"ITC","EQ","12-Jun-2017","        306.00","        307.00","        307.50","        302.50","        304.25","        304.40","        304.65","    6266299","          1909038216.40","      50916","    3786983","         60.43"
"ITC","EQ","13-Jun-2017","        304.40","        305.05","        306.00","        302.20","        305.10","        305.25","        304.21","    5107002","          1553584991.60","      69676","    3255923","         63.75"
"ITC","EQ","14-Jun-2017","        305.25","        304.95","        306.00","        299.15","        299.80","        299.85","        300.77","   14574048","          4383430595.65","      84216","   11919899","         81.79"
"ITC","EQ","15-Jun-2017","        299.85","        302.95","        302.95","        299.50","        302.55","        301.90","        300.84","    7427656","          2234554418.80","      68964","    4842397","         65.19"
"ITC","EQ","16-Jun-2017","        301.90","        302.50","        309.60","        302.50","        305.85","        306.80","        307.05","   12323676","          3784009935.95","      84898","    7897294","         64.08"
"ITC","EQ","19-Jun-2017","        306.80","        309.00","        311.85","        308.10","        310.55","        310.90","        310.30","    6982651","          2166703539.75","      54015","    4470906","         64.03"
"ITC","EQ","20-Jun-2017","        310.90","        312.00","        312.20","        308.10","        309.20","        308.70","        309.84","    8260929","          2559595433.90","     113970","    6339511","         76.74"
"ITC","EQ","21-Jun-2017","        308.70","        309.40","        311.00","        307.20","        309.25","        308.95","        309.27","    8279767","          2560643244.65","      91461","    5925969","         71.57"
"ITC","EQ","22-Jun-2017","        308.95","        308.65","        314.20","        308.20","        311.05","        311.30","        311.69","    8944754","          2787986034.25","      73644","    6438857","         71.98"
"ITC","EQ","23-Jun-2017","        311.30","        310.00","        312.90","        308.60","        311.00","        311.00","        310.55","    7176861","          2228781902.40","      63470","    4616954","         64.33"
"ITC","EQ","27-Jun-2017","        311.00","        311.75","        316.50","        311.00","        311.00","        312.35","        314.35","    9688675","          3045645111.80","      95422","    6274301","         64.76"
"ITC","EQ","28-Jun-2017","        312.35","        311.60","        311.60","        307.10","        308.80","        308.35","        309.54","    7919072","          2451289259.40","      73681","    5682654","         71.76"
"ITC","EQ","29-Jun-2017","        308.35","        309.10","        313.25","        308.60","        310.10","        311.60","        311.36","    9929212","          3091582802.55","     103758","    5996413","         60.39"
"ITC","EQ","30-Jun-2017","        311.60","        310.25","        324.70","        310.25","        323.00","        323.65","        319.24","   23196959","          7405476367.30","     158703","   14954488","         64.47"
"ITC","EQ","03-Jul-2017","        323.65","        346.00","        354.80","        340.30","        342.80","        342.50","        344.04","   47079622","         16197443020.55","     256499","   29320072","         62.28"
"ITC","EQ","04-Jul-2017","        342.50","        342.80","        343.45","        336.25","        337.95","        337.25","        338.75","   11232007","          3804852970.45","     166512","    6236260","         55.52"
"ITC","EQ","05-Jul-2017","        337.25","        337.25","        337.85","        330.25","        331.65","        331.05","        332.97","   11978317","          3988361466.60","     112629","    7968008","         66.52"
"ITC","EQ","06-Jul-2017","        331.05","        334.30","        338.75","        331.30","        337.10","        337.10","        336.17","   13429462","          4514575108.25","     122886","    8156576","         60.74"
"ITC","EQ","07-Jul-2017","        337.10","        338.00","        338.20","        333.05","        334.50","        334.30","        334.92","    9919790","          3322371033.00","      91378","    6752966","         68.08"
"ITC","EQ","10-Jul-2017","        334.30","        341.00","        367.70","        331.00","        333.00","        333.30","        333.45","    1427399","           475960047.05","      11885","     679722","         47.62"
"ITC","EQ","11-Jul-2017","        333.30","        335.00","        335.05","        330.00","        330.20","        330.40","        331.28","    8336685","          2761737745.90","      85756","    6032829","         72.36"
"ITC","EQ","12-Jul-2017","        330.40","        328.40","        333.60","        327.40","        329.80","        328.85","        329.19","   10249263","          3373964484.45","      90432","    7048111","         68.77"
"ITC","EQ","13-Jul-2017","        328.85","        332.00","        339.50","        331.00","        339.25","        338.75","        337.11","   17491942","          5896789821.85","     103161","    9981095","         57.06"
"ITC","EQ","14-Jul-2017","        338.75","        339.95","        339.95","        334.80","        337.75","        337.15","        336.10","    5586611","          1877636839.50","      56860","    3128407","         56.00"
"ITC","EQ","17-Jul-2017","        337.15","        335.00","        335.00","        320.70","        323.25","        325.15","        327.62","   20320210","          6657234816.55","     146553","   13791627","         67.87"
"ITC","EQ","18-Jul-2017","        325.15","        292.65","        292.65","        276.40","        284.70","        284.55","        284.65","  149479681","         42549916128.75","     667965","   86293484","         57.73"
"ITC","EQ","19-Jul-2017","        284.55","        287.80","        292.90","        286.20","        291.95","        291.45","        289.94","   39134264","         11346660824.55","     236758","   21472247","         54.87"
"ITC","EQ","20-Jul-2017","        291.45","        294.00","        294.90","        288.40","        290.00","        289.50","        290.93","   15306864","          4453157222.95","     108392","    9090923","         59.39"
"ITC","EQ","21-Jul-2017","        289.50","        291.50","        291.75","        286.55","        288.50","        288.90","        288.88","   13174402","          3805870262.75","     165530","    8691445","         65.97"
"ITC","EQ","24-Jul-2017","        288.90","        290.00","        295.35","        288.10","        293.15","        293.25","        293.22","   17794337","          5217696660.00","     163424","   10252886","         57.62"
"ITC","EQ","25-Jul-2017","        293.25","        295.00","        295.15","        290.85","        291.50","        291.40","        292.04","    9559657","          2791832311.70","     127952","    5998941","         62.75"
"ITC","EQ","26-Jul-2017","        291.40","        292.00","        294.25","        291.50","        293.40","        293.65","        293.02","    9209593","          2698603021.60","      88098","    6602067","         71.69"
"ITC","EQ","27-Jul-2017","        293.65","        294.70","        295.40","        286.75","        291.70","        288.55","        291.58","   18892800","          5508837342.00","     142759","   12349965","         65.37"
"ITC","EQ","28-Jul-2017","        288.55","        294.30","        294.75","        287.15","        290.35","        291.55","        290.47","   18494629","          5372055638.45","     139598","    9043199","         48.90"
"ITC","EQ","31-Jul-2017","        291.55","        289.50","        290.30","        284.50","        285.25","        285.25","        286.58","   21247233","          6089014371.70","     132459","   16092463","         75.74"
"ITC","EQ","01-Aug-2017","        285.25","        285.30","        288.55","        285.00","        287.75","        287.85","        286.75","   13542016","          3883160058.20","     133496","    9513051","         70.25"
"ITC","EQ","02-Aug-2017","        287.85","        289.80","        289.90","        284.30","        284.85","        285.45","        286.24","    9867353","          2824413115.15","      82892","    7222537","         73.20"
"ITC","EQ","03-Aug-2017","        285.45","        285.00","        285.40","        280.65","        280.90","        281.40","        283.07","   10199231","          2887112399.80","     104856","    7086515","         69.48"
"ITC","EQ","04-Aug-2017","        281.40","        280.40","        284.40","        279.65","        280.80","        280.75","        281.43","   11283020","          3175406996.85","      78050","    7158410","         63.44"
"ITC","EQ","07-Aug-2017","        280.75","        281.60","        283.00","        279.45","        279.50","        279.85","        280.86","    8451267","          2373593517.35","      66298","    5219501","         61.76"
"ITC","EQ","08-Aug-2017","        279.85","        280.10","        281.40","        273.50","        273.85","        274.15","        276.02","   12741118","          3516837493.65","     117461","    8503329","         66.74"
"ITC","EQ","09-Aug-2017","        274.15","        274.00","        275.40","        270.40","        272.55","        272.85","        272.65","    9910187","          2702006432.35","      70201","    5485297","         55.35"
"ITC","EQ","10-Aug-2017","        272.85","        272.65","        274.65","        270.75","        273.80","        273.10","        272.98","    9995867","          2728673744.65","     102482","    6646779","         66.50"
"ITC","EQ","11-Aug-2017","        273.10","        271.00","        274.45","        270.10","        271.20","        271.50","        272.06","   14409594","          3920292223.75","      91452","    9774474","         67.83"
"ITC","EQ","14-Aug-2017","        271.50","        274.40","        274.40","        270.50","        271.25","        271.25","        271.47","    9693041","          2631389882.55","      81588","    6712033","         69.25"
"ITC","EQ","16-Aug-2017","        271.25","        272.00","        281.75","        271.35","        279.20","        279.20","        277.34","   18692336","          5184177673.90","     122922","   11831832","         63.30"
"ITC","EQ","17-Aug-2017","        279.20","        281.85","        282.90","        277.90","        279.70","        280.00","        280.55","   13703999","          3844676878.30","     129985","    9203038","         67.16"
"ITC","EQ","18-Aug-2017","        280.00","        279.25","        284.00","        276.80","        281.05","        281.85","        281.65","   14869905","          4188073837.60","     117503","    8494153","         57.12"
"ITC","EQ","21-Aug-2017","        281.85","        282.35","        285.00","        280.95","        282.45","        281.60","        282.88","   13088154","          3702350270.10","      54743","    7392195","         56.48"
"ITC","EQ","22-Aug-2017","        281.60","        282.00","        285.00","        280.35","        283.00","        282.90","        283.68","   11956919","          3391879542.55","      72293","    6736004","         56.34"
"ITC","EQ","23-Aug-2017","        282.90","        283.50","        285.60","        281.60","        281.95","        282.55","        283.55","    8747634","          2480421265.05","      81183","    5057252","         57.81"
"ITC","EQ","24-Aug-2017","        282.55","        282.00","        283.50","        281.10","        281.50","        281.45","        282.11","   10819303","          3052199506.05","      58038","    7694681","         71.12"
